id,Brand, Name,url
1,Plan B, Duffy Beer Can,http://skateparkoftampa.com/spot/productimages/colors/1_74678.jpg
2,Plan B, Felipe OG RMX,https://www.westsideskateshop.com/PDGImages/felipe%20og%20rmx.jpg
3,Plan B, Felipe Royalty,https://www.planbskateboards.com/media/filter/l/img/pdprgfro_ast_1.jpg
4,Plan B, Felipe SBS,https://www.warehouseskateboards.com/images/products/preview/1DPLNGUSSBS800S.jpg
5,Plan B, Joslin Black Magic,https://www.planbskateboards.com/media/filter/l/img/pdprgjbm_ast_1.jpg
6,Plan B, Joslin Crawler,https://www.planbskateboards.com/media/filter/l/img/pdprgjcr_ast_1.jpg
7,Plan B, Joslin RipShred,http://www.planbskateboards.com/media/filter/l/img/pdprfjws_ast_1.jpg
8,Plan B, Joslin SLCD,https://www.planbskateboards.com/media/filter/l/img/pdprgjsm_ast_1.jpg
9,Plan B, Team Torn Yellow,http://www.tactics.com/a/8kja/9/plan-b-team-torn-875-skateboard-deck-yellow.jpg
10,Plan B, Sheckler Warrior,http://www.easternskatesupply.com/Z/1DPLNSHEWRS82WR.png
11,Element, EvanWays,http://img.skatewarehouse.com/watermark/rs.php?path=ELESWDK-1.jpg&nw=435
12,Element, WestGate Ways,https://eu.elementbrand.com/media/filter/l/img/04dcpvelpp_0001.jpg?1471484381
13,Element, WestGate,https://us.elementbrand.com/media/filter/l/img/bdprdwop_ast_1_2.jpg?1443208210
14,Element, WestGate Bingo,https://eu.elementbrand.com/media/filter/l/img/brd_bingo_westgate.jpg?1462982282
15,Element, MardarsWay,https://us.elementbrand.com/media/filter/m/img/bdprgmwy_ast_1.jpg
16,Element, Link8,http://eu.elementbrand.com/media/filter/l/img/element_deck_link_8.jpg?1466758578
17,Element, Evan Sprites,https://us.elementbrand.com/media/filter/l/img/bdprfesp_ast_1_evan_sprites_8_2.jpg?1457774104
18,Element, Barbee Bronze,https://eu.elementbrand.com/media/filter/l/img/brd_tmoe_barbee.jpg?1463066883
19,Element,Julian Sanskrit,https://cdn.skatedeluxe.com/images/product_images/original_images/94620_0_Element_JulianSanskrit8125.jpg
20,Element, Nyjah Bingo,http://img.skatewarehouse.com/watermark/rs.php?path=ELNHBIDK-1.jpg&nw=435
21,Zero, American Punk,https://www.warehouseskateboards.com/images/products/preview/1DZER0AMPK85WRB.jpg
22,Zero, Disorder,http://www.socialskateboarding.com/assets/products/17515/full/1dzer0diso850gk.jpg
23,Zero, Otis Cruiser,https://cdn.skatedeluxe.com/images/product_images/original_images/93038_1_Zero_OtisCruiser85.jpg
24,Zero, Thomas Zero,https://cdn.ccs.com/media/catalog/product/cache/4/image/9df78eab33525d08d6e5fb8d27136e95/z/e/zero-jamie-thomas-deliverance-skateboard-deck-8-25-bottom_1.1470793215.jpg
25,Zero, Sandoval Zero,http://skateparkoftampa.com/spot/productimages/colors/1_61712.jpg
26,Zero, Burman Zero,http://www.socialskateboarding.com/assets/products/256422/large/1dzerburhit800k.jpg
27,Zero, Brockman,http://www.nativeskatestore.co.uk/images/zero-brockman-bottled-violence-skateboard-deck-8-0-p7630-15129_zoom.jpg
28,Zero, Filmstrip Photo Issue,http://cdn.shopify.com/s/files/1/0349/9333/products/1DZER0FSPI837OK.jpg?v=1465187441
29,Zero, American Zero,http://skateparkoftampa.com/spot/productimages/colors/1_1653.jpg
30,Zero, Eyeball,http://www.easternskatesupply.com/Z/1DZER0EYBL837KB.png
31,Girl, Brandon Beibel,http://www.nativeskatestore.co.uk/images/girl-brandon-biebel-owen-s-world-skateboard-deck-7-875-p12783-28059_zoom.jpg
32,Girl, Cory Kennedy,http://skateparkoftampa.com/spot/productimages/colors/1_53899.jpg
33,Girl, Mike Carroll,http://skateparkoftampa.com/spot/productimages/colors/1_60450.jpg
34,Girl, Mike Mo,http://scene7.zumiez.com/is/image/zumiez/pdp_hero/Girl-MikeMo-Sign-Here-7.75%26quot%3B--Skateboard-Deck-_236788.jpg
35,Girl, Rick Howard,http://www.nativeskatestore.co.uk/images/girl-rick-howard-half-half-skateboard-deck-8-5-p10560-21804_zoom.jpg
36,Girl, Rick Mccrank,http://skateparkoftampa.com/spot/productimages/colors/1_69250.jpg
37,Girl, Sean Malto, http://skateparkoftampa.com/spot/productimages/colors/1_53908.jpg
38,Girl, Sanrio Gudetama,http://skateparkoftampa.com/spot/productimages/colors/1_73930.jpg
39,Girl, American Hero,http://cdn.shopify.com/s/files/1/0350/9069/products/DECK-GIRL-ONE-OFFS-MALTO-AMERICAN-HERO-8.12.jpg?v=1468195671
40,Girl, Positive Negative,https://d2qwzu24wcp0pu.cloudfront.net/skatehut/product/b1b7f3d.Girl%20Positive%20Negative%20Skateboard%20Deck%20-%20McCrank%208.375.jpg/1200x1200.fit.Girl%20Positive%20Negative%20Skateboard%20Deck%20-%20McCrank%208.375.jpg
41,Baker, Dee Hot Beans,http://www.easternskatesupply.com/Z/1DBAKOSTHBN81WR.png
42,Baker, Dee Gamer,http://www.easternskatesupply.com/Z/1DBAKOSTGMR80KA.png
43,Baker, Cyril Hot Weetos,http://socalskateshop.com/images/products/large_68633_Baker_cyril_cheetos_deck.jpg
44,Baker, Herman Theory,https://cdn.ccs.com/media/catalog/product/cache/4/image/9df78eab33525d08d6e5fb8d27136e95/A/Q/AQ24C2D-C.1469273661.jpg
45,Baker, Figgy Posers,https://cdn.ccs.com/media/catalog/product/cache/4/image/9df78eab33525d08d6e5fb8d27136e95/A/Q/AQ24C27-1.1469276759.jpg
46,Baker, Reynolds Coffee Squad,http://skateparkoftampa.com/spot/productimages/colors/1_74141.jpg
47,Baker, Reynolds Cavolo,https://cdn.ccs.com/media/catalog/product/cache/4/image/370x650/040ec09b1e35df139433887a97daa66f/A/Q/AQ24C40-1.1469284287.jpg
48,Baker, Figgy Rekab,https://www.westsideskateshop.com/PDGImages/Baker%20Figgy%20Rekab%20Blue.jpg
49,Baker, dee,http://scene7.zumiez.com/is/image/zumiez/pdp_hero/Baker-Dee-Hot-Sauce-8.25%26quot%3B--Skateboard-Deck-_256287.jpg
50,Baker, Theotis,http://www.skateparkoftampa.com/spot/productimages/colors/1_56464.jpg
